opcode_hex,mnemonic,cpu_level
0x007C,ORSR,0
0x00D0,CHK2,2
0x00D1,CHK2,2
0x00D2,CHK2,2
0x00D3,CHK2,2
0x00D4,CHK2,2
0x00D5,CHK2,2
0x00D6,CHK2,2
0x00D7,CHK2,2
0x00E8,CHK2,2
0x00E9,CHK2,2
0x00EA,CHK2,2
0x00EB,CHK2,2
0x00EC,CHK2,2
0x00ED,CHK2,2
0x00EE,CHK2,2
0x00EF,CHK2,2
0x00F0,CHK2,2
0x00F1,CHK2,2
0x00F2,CHK2,2
0x00F3,CHK2,2
0x00F4,CHK2,2
0x00F5,CHK2,2
0x00F6,CHK2,2
0x00F7,CHK2,2
0x00F8,CHK2,2
0x00F9,CHK2,2
0x00FA,CHK2,2
0x00FB,CHK2,2
0x0108,MVPMR,0
0x0109,MVPMR,0
0x010A,MVPMR,0
0x010B,MVPMR,0
0x010C,MVPMR,0
0x010D,MVPMR,0
0x010E,MVPMR,0
0x010F,MVPMR,0
0x0148,MVPMR,0
0x0149,MVPMR,0
0x014A,MVPMR,0
0x014B,MVPMR,0
0x014C,MVPMR,0
0x014D,MVPMR,0
0x014E,MVPMR,0
0x014F,MVPMR,0
0x0188,MVPRM,0
0x0189,MVPRM,0
0x018A,MVPRM,0
0x018B,MVPRM,0
0x018C,MVPRM,0
0x018D,MVPRM,0
0x018E,MVPRM,0
0x018F,MVPRM,0
0x01C8,MVPRM,0
0x01C9,MVPRM,0
0x01CA,MVPRM,0
0x01CB,MVPRM,0
0x01CC,MVPRM,0
0x01CD,MVPRM,0
0x01CE,MVPRM,0
0x01CF,MVPRM,0
0x027C,ANDSR,0
0x02D0,CHK2,2
0x02D1,CHK2,2
0x02D2,CHK2,2
0x02D3,CHK2,2
0x02D4,CHK2,2
0x02D5,CHK2,2
0x02D6,CHK2,2
0x02D7,CHK2,2
0x02E8,CHK2,2
0x02E9,CHK2,2
0x02EA,CHK2,2
0x02EB,CHK2,2
0x02EC,CHK2,2
0x02ED,CHK2,2
0x02EE,CHK2,2
0x02EF,CHK2,2
0x02F0,CHK2,2
0x02F1,CHK2,2
0x02F2,CHK2,2
0x02F3,CHK2,2
0x02F4,CHK2,2
0x02F5,CHK2,2
0x02F6,CHK2,2
0x02F7,CHK2,2
0x02F8,CHK2,2
0x02F9,CHK2,2
0x02FA,CHK2,2
0x02FB,CHK2,2
0x0308,MVPMR,0
0x0309,MVPMR,0
0x030A,MVPMR,0
0x030B,MVPMR,0
0x030C,MVPMR,0
0x030D,MVPMR,0
0x030E,MVPMR,0
0x030F,MVPMR,0
0x0348,MVPMR,0
0x0349,MVPMR,0
0x034A,MVPMR,0
0x034B,MVPMR,0
0x034C,MVPMR,0
0x034D,MVPMR,0
0x034E,MVPMR,0
0x034F,MVPMR,0
0x0388,MVPRM,0
0x0389,MVPRM,0
0x038A,MVPRM,0
0x038B,MVPRM,0
0x038C,MVPRM,0
0x038D,MVPRM,0
0x038E,MVPRM,0
0x038F,MVPRM,0
0x03C8,MVPRM,0
0x03C9,MVPRM,0
0x03CA,MVPRM,0
0x03CB,MVPRM,0
0x03CC,MVPRM,0
0x03CD,MVPRM,0
0x03CE,MVPRM,0
0x03CF,MVPRM,0
0x04D0,CHK2,2
0x04D1,CHK2,2
0x04D2,CHK2,2
0x04D3,CHK2,2
0x04D4,CHK2,2
0x04D5,CHK2,2
0x04D6,CHK2,2
0x04D7,CHK2,2
0x04E8,CHK2,2
0x04E9,CHK2,2
0x04EA,CHK2,2
0x04EB,CHK2,2
0x04EC,CHK2,2
0x04ED,CHK2,2
0x04EE,CHK2,2
0x04EF,CHK2,2
0x04F0,CHK2,2
0x04F1,CHK2,2
0x04F2,CHK2,2
0x04F3,CHK2,2
0x04F4,CHK2,2
0x04F5,CHK2,2
0x04F6,CHK2,2
0x04F7,CHK2,2
0x04F8,CHK2,2
0x04F9,CHK2,2
0x04FA,CHK2,2
0x04FB,CHK2,2
0x0508,MVPMR,0
0x0509,MVPMR,0
0x050A,MVPMR,0
0x050B,MVPMR,0
0x050C,MVPMR,0
0x050D,MVPMR,0
0x050E,MVPMR,0
0x050F,MVPMR,0
0x0548,MVPMR,0
0x0549,MVPMR,0
0x054A,MVPMR,0
0x054B,MVPMR,0
0x054C,MVPMR,0
0x054D,MVPMR,0
0x054E,MVPMR,0
0x054F,MVPMR,0
0x0588,MVPRM,0
0x0589,MVPRM,0
0x058A,MVPRM,0
0x058B,MVPRM,0
0x058C,MVPRM,0
0x058D,MVPRM,0
0x058E,MVPRM,0
0x058F,MVPRM,0
0x05C8,MVPRM,0
0x05C9,MVPRM,0
0x05CA,MVPRM,0
0x05CB,MVPRM,0
0x05CC,MVPRM,0
0x05CD,MVPRM,0
0x05CE,MVPRM,0
0x05CF,MVPRM,0
0x06C0,RTM,2
0x06C1,RTM,2
0x06C2,RTM,2
0x06C3,RTM,2
0x06C4,RTM,2
0x06C5,RTM,2
0x06C6,RTM,2
0x06C7,RTM,2
0x06C8,RTM,2
0x06C9,RTM,2
0x06CA,RTM,2
0x06CB,RTM,2
0x06CC,RTM,2
0x06CD,RTM,2
0x06CE,RTM,2
0x06CF,RTM,2
0x06D0,CALLM,2
0x06D1,CALLM,2
0x06D2,CALLM,2
0x06D3,CALLM,2
0x06D4,CALLM,2
0x06D5,CALLM,2
0x06D6,CALLM,2
0x06D7,CALLM,2
0x06E8,CALLM,2
0x06E9,CALLM,2
0x06EA,CALLM,2
0x06EB,CALLM,2
0x06EC,CALLM,2
0x06ED,CALLM,2
0x06EE,CALLM,2
0x06EF,CALLM,2
0x06F0,CALLM,2
0x06F1,CALLM,2
0x06F2,CALLM,2
0x06F3,CALLM,2
0x06F4,CALLM,2
0x06F5,CALLM,2
0x06F6,CALLM,2
0x06F7,CALLM,2
0x06F8,CALLM,2
0x06F9,CALLM,2
0x06FA,CALLM,2
0x06FB,CALLM,2
0x0708,MVPMR,0
0x0709,MVPMR,0
0x070A,MVPMR,0
0x070B,MVPMR,0
0x070C,MVPMR,0
0x070D,MVPMR,0
0x070E,MVPMR,0
0x070F,MVPMR,0
0x0748,MVPMR,0
0x0749,MVPMR,0
0x074A,MVPMR,0
0x074B,MVPMR,0
0x074C,MVPMR,0
0x074D,MVPMR,0
0x074E,MVPMR,0
0x074F,MVPMR,0
0x0788,MVPRM,0
0x0789,MVPRM,0
0x078A,MVPRM,0
0x078B,MVPRM,0
0x078C,MVPRM,0
0x078D,MVPRM,0
0x078E,MVPRM,0
0x078F,MVPRM,0
0x07C8,MVPRM,0
0x07C9,MVPRM,0
0x07CA,MVPRM,0
0x07CB,MVPRM,0
0x07CC,MVPRM,0
0x07CD,MVPRM,0
0x07CE,MVPRM,0
0x07CF,MVPRM,0
0x0908,MVPMR,0
0x0909,MVPMR,0
0x090A,MVPMR,0
0x090B,MVPMR,0
0x090C,MVPMR,0
0x090D,MVPMR,0
0x090E,MVPMR,0
0x090F,MVPMR,0
0x0948,MVPMR,0
0x0949,MVPMR,0
0x094A,MVPMR,0
0x094B,MVPMR,0
0x094C,MVPMR,0
0x094D,MVPMR,0
0x094E,MVPMR,0
0x094F,MVPMR,0
0x0988,MVPRM,0
0x0989,MVPRM,0
0x098A,MVPRM,0
0x098B,MVPRM,0
0x098C,MVPRM,0
0x098D,MVPRM,0
0x098E,MVPRM,0
0x098F,MVPRM,0
0x09C8,MVPRM,0
0x09C9,MVPRM,0
0x09CA,MVPRM,0
0x09CB,MVPRM,0
0x09CC,MVPRM,0
0x09CD,MVPRM,0
0x09CE,MVPRM,0
0x09CF,MVPRM,0
0x0A7C,EORSR,0
0x0AD0,CAS,2
0x0AD1,CAS,2
0x0AD2,CAS,2
0x0AD3,CAS,2
0x0AD4,CAS,2
0x0AD5,CAS,2
0x0AD6,CAS,2
0x0AD7,CAS,2
0x0AD8,CAS,2
0x0AD9,CAS,2
0x0ADA,CAS,2
0x0ADB,CAS,2
0x0ADC,CAS,2
0x0ADD,CAS,2
0x0ADE,CAS,2
0x0ADF,CAS,2
0x0AE0,CAS,2
0x0AE1,CAS,2
0x0AE2,CAS,2
0x0AE3,CAS,2
0x0AE4,CAS,2
0x0AE5,CAS,2
0x0AE6,CAS,2
0x0AE7,CAS,2
0x0AE8,CAS,2
0x0AE9,CAS,2
0x0AEA,CAS,2
0x0AEB,CAS,2
0x0AEC,CAS,2
0x0AED,CAS,2
0x0AEE,CAS,2
0x0AEF,CAS,2
0x0AF0,CAS,2
0x0AF1,CAS,2
0x0AF2,CAS,2
0x0AF3,CAS,2
0x0AF4,CAS,2
0x0AF5,CAS,2
0x0AF6,CAS,2
0x0AF7,CAS,2
0x0AF8,CAS,2
0x0AF9,CAS,2
0x0B08,MVPMR,0
0x0B09,MVPMR,0
0x0B0A,MVPMR,0
0x0B0B,MVPMR,0
0x0B0C,MVPMR,0
0x0B0D,MVPMR,0
0x0B0E,MVPMR,0
0x0B0F,MVPMR,0
0x0B48,MVPMR,0
0x0B49,MVPMR,0
0x0B4A,MVPMR,0
0x0B4B,MVPMR,0
0x0B4C,MVPMR,0
0x0B4D,MVPMR,0
0x0B4E,MVPMR,0
0x0B4F,MVPMR,0
0x0B88,MVPRM,0
0x0B89,MVPRM,0
0x0B8A,MVPRM,0
0x0B8B,MVPRM,0
0x0B8C,MVPRM,0
0x0B8D,MVPRM,0
0x0B8E,MVPRM,0
0x0B8F,MVPRM,0
0x0BC8,MVPRM,0
0x0BC9,MVPRM,0
0x0BCA,MVPRM,0
0x0BCB,MVPRM,0
0x0BCC,MVPRM,0
0x0BCD,MVPRM,0
0x0BCE,MVPRM,0
0x0BCF,MVPRM,0
0x0CD0,CAS,2
0x0CD1,CAS,2
0x0CD2,CAS,2
0x0CD3,CAS,2
0x0CD4,CAS,2
0x0CD5,CAS,2
0x0CD6,CAS,2
0x0CD7,CAS,2
0x0CD8,CAS,2
0x0CD9,CAS,2
0x0CDA,CAS,2
0x0CDB,CAS,2
0x0CDC,CAS,2
0x0CDD,CAS,2
0x0CDE,CAS,2
0x0CDF,CAS,2
0x0CE0,CAS,2
0x0CE1,CAS,2
0x0CE2,CAS,2
0x0CE3,CAS,2
0x0CE4,CAS,2
0x0CE5,CAS,2
0x0CE6,CAS,2
0x0CE7,CAS,2
0x0CE8,CAS,2
0x0CE9,CAS,2
0x0CEA,CAS,2
0x0CEB,CAS,2
0x0CEC,CAS,2
0x0CED,CAS,2
0x0CEE,CAS,2
0x0CEF,CAS,2
0x0CF0,CAS,2
0x0CF1,CAS,2
0x0CF2,CAS,2
0x0CF3,CAS,2
0x0CF4,CAS,2
0x0CF5,CAS,2
0x0CF6,CAS,2
0x0CF7,CAS,2
0x0CF8,CAS,2
0x0CF9,CAS,2
0x0CFC,CAS2,2
0x0D08,MVPMR,0
0x0D09,MVPMR,0
0x0D0A,MVPMR,0
0x0D0B,MVPMR,0
0x0D0C,MVPMR,0
0x0D0D,MVPMR,0
0x0D0E,MVPMR,0
0x0D0F,MVPMR,0
0x0D48,MVPMR,0
0x0D49,MVPMR,0
0x0D4A,MVPMR,0
0x0D4B,MVPMR,0
0x0D4C,MVPMR,0
0x0D4D,MVPMR,0
0x0D4E,MVPMR,0
0x0D4F,MVPMR,0
0x0D88,MVPRM,0
0x0D89,MVPRM,0
0x0D8A,MVPRM,0
0x0D8B,MVPRM,0
0x0D8C,MVPRM,0
0x0D8D,MVPRM,0
0x0D8E,MVPRM,0
0x0D8F,MVPRM,0
0x0DC8,MVPRM,0
0x0DC9,MVPRM,0
0x0DCA,MVPRM,0
0x0DCB,MVPRM,0
0x0DCC,MVPRM,0
0x0DCD,MVPRM,0
0x0DCE,MVPRM,0
0x0DCF,MVPRM,0
0x0E10,MOVES,1
0x0E11,MOVES,1
0x0E12,MOVES,1
0x0E13,MOVES,1
0x0E14,MOVES,1
0x0E15,MOVES,1
0x0E16,MOVES,1
0x0E17,MOVES,1
0x0E18,MOVES,1
0x0E19,MOVES,1
0x0E1A,MOVES,1
0x0E1B,MOVES,1
0x0E1C,MOVES,1
0x0E1D,MOVES,1
0x0E1E,MOVES,1
0x0E1F,MOVES,1
0x0E20,MOVES,1
0x0E21,MOVES,1
0x0E22,MOVES,1
0x0E23,MOVES,1
0x0E24,MOVES,1
0x0E25,MOVES,1
0x0E26,MOVES,1
0x0E27,MOVES,1
0x0E28,MOVES,1
0x0E29,MOVES,1
0x0E2A,MOVES,1
0x0E2B,MOVES,1
0x0E2C,MOVES,1
0x0E2D,MOVES,1
0x0E2E,MOVES,1
0x0E2F,MOVES,1
0x0E30,MOVES,1
0x0E31,MOVES,1
0x0E32,MOVES,1
0x0E33,MOVES,1
0x0E34,MOVES,1
0x0E35,MOVES,1
0x0E36,MOVES,1
0x0E37,MOVES,1
0x0E38,MOVES,1
0x0E39,MOVES,1
0x0E50,MOVES,1
0x0E51,MOVES,1
0x0E52,MOVES,1
0x0E53,MOVES,1
0x0E54,MOVES,1
0x0E55,MOVES,1
0x0E56,MOVES,1
0x0E57,MOVES,1
0x0E58,MOVES,1
0x0E59,MOVES,1
0x0E5A,MOVES,1
0x0E5B,MOVES,1
0x0E5C,MOVES,1
0x0E5D,MOVES,1
0x0E5E,MOVES,1
0x0E5F,MOVES,1
0x0E60,MOVES,1
0x0E61,MOVES,1
0x0E62,MOVES,1
0x0E63,MOVES,1
0x0E64,MOVES,1
0x0E65,MOVES,1
0x0E66,MOVES,1
0x0E67,MOVES,1
0x0E68,MOVES,1
0x0E69,MOVES,1
0x0E6A,MOVES,1
0x0E6B,MOVES,1
0x0E6C,MOVES,1
0x0E6D,MOVES,1
0x0E6E,MOVES,1
0x0E6F,MOVES,1
0x0E70,MOVES,1
0x0E71,MOVES,1
0x0E72,MOVES,1
0x0E73,MOVES,1
0x0E74,MOVES,1
0x0E75,MOVES,1
0x0E76,MOVES,1
0x0E77,MOVES,1
0x0E78,MOVES,1
0x0E79,MOVES,1
0x0E90,MOVES,1
0x0E91,MOVES,1
0x0E92,MOVES,1
0x0E93,MOVES,1
0x0E94,MOVES,1
0x0E95,MOVES,1
0x0E96,MOVES,1
0x0E97,MOVES,1
0x0E98,MOVES,1
0x0E99,MOVES,1
0x0E9A,MOVES,1
0x0E9B,MOVES,1
0x0E9C,MOVES,1
0x0E9D,MOVES,1
0x0E9E,MOVES,1
0x0E9F,MOVES,1
0x0EA0,MOVES,1
0x0EA1,MOVES,1
0x0EA2,MOVES,1
0x0EA3,MOVES,1
0x0EA4,MOVES,1
0x0EA5,MOVES,1
0x0EA6,MOVES,1
0x0EA7,MOVES,1
0x0EA8,MOVES,1
0x0EA9,MOVES,1
0x0EAA,MOVES,1
0x0EAB,MOVES,1
0x0EAC,MOVES,1
0x0EAD,MOVES,1
0x0EAE,MOVES,1
0x0EAF,MOVES,1
0x0EB0,MOVES,1
0x0EB1,MOVES,1
0x0EB2,MOVES,1
0x0EB3,MOVES,1
0x0EB4,MOVES,1
0x0EB5,MOVES,1
0x0EB6,MOVES,1
0x0EB7,MOVES,1
0x0EB8,MOVES,1
0x0EB9,MOVES,1
0x0ED0,CAS,2
0x0ED1,CAS,2
0x0ED2,CAS,2
0x0ED3,CAS,2
0x0ED4,CAS,2
0x0ED5,CAS,2
0x0ED6,CAS,2
0x0ED7,CAS,2
0x0ED8,CAS,2
0x0ED9,CAS,2
0x0EDA,CAS,2
0x0EDB,CAS,2
0x0EDC,CAS,2
0x0EDD,CAS,2
0x0EDE,CAS,2
0x0EDF,CAS,2
0x0EE0,CAS,2
0x0EE1,CAS,2
0x0EE2,CAS,2
0x0EE3,CAS,2
0x0EE4,CAS,2
0x0EE5,CAS,2
0x0EE6,CAS,2
0x0EE7,CAS,2
0x0EE8,CAS,2
0x0EE9,CAS,2
0x0EEA,CAS,2
0x0EEB,CAS,2
0x0EEC,CAS,2
0x0EED,CAS,2
0x0EEE,CAS,2
0x0EEF,CAS,2
0x0EF0,CAS,2
0x0EF1,CAS,2
0x0EF2,CAS,2
0x0EF3,CAS,2
0x0EF4,CAS,2
0x0EF5,CAS,2
0x0EF6,CAS,2
0x0EF7,CAS,2
0x0EF8,CAS,2
0x0EF9,CAS,2
0x0EFC,CAS2,2
0x0F08,MVPMR,0
0x0F09,MVPMR,0
0x0F0A,MVPMR,0
0x0F0B,MVPMR,0
0x0F0C,MVPMR,0
0x0F0D,MVPMR,0
0x0F0E,MVPMR,0
0x0F0F,MVPMR,0
0x0F48,MVPMR,0
0x0F49,MVPMR,0
0x0F4A,MVPMR,0
0x0F4B,MVPMR,0
0x0F4C,MVPMR,0
0x0F4D,MVPMR,0
0x0F4E,MVPMR,0
0x0F4F,MVPMR,0
0x0F88,MVPRM,0
0x0F89,MVPRM,0
0x0F8A,MVPRM,0
0x0F8B,MVPRM,0
0x0F8C,MVPRM,0
0x0F8D,MVPRM,0
0x0F8E,MVPRM,0
0x0F8F,MVPRM,0
0x0FC8,MVPRM,0
0x0FC9,MVPRM,0
0x0FCA,MVPRM,0
0x0FCB,MVPRM,0
0x0FCC,MVPRM,0
0x0FCD,MVPRM,0
0x0FCE,MVPRM,0
0x0FCF,MVPRM,0
0x46C0,MV2SR,0
0x46C1,MV2SR,0
0x46C2,MV2SR,0
0x46C3,MV2SR,0
0x46C4,MV2SR,0
0x46C5,MV2SR,0
0x46C6,MV2SR,0
0x46C7,MV2SR,0
0x46D0,MV2SR,0
0x46D1,MV2SR,0
0x46D2,MV2SR,0
0x46D3,MV2SR,0
0x46D4,MV2SR,0
0x46D5,MV2SR,0
0x46D6,MV2SR,0
0x46D7,MV2SR,0
0x46D8,MV2SR,0
0x46D9,MV2SR,0
0x46DA,MV2SR,0
0x46DB,MV2SR,0
0x46DC,MV2SR,0
0x46DD,MV2SR,0
0x46DE,MV2SR,0
0x46DF,MV2SR,0
0x46E0,MV2SR,0
0x46E1,MV2SR,0
0x46E2,MV2SR,0
0x46E3,MV2SR,0
0x46E4,MV2SR,0
0x46E5,MV2SR,0
0x46E6,MV2SR,0
0x46E7,MV2SR,0
0x46E8,MV2SR,0
0x46E9,MV2SR,0
0x46EA,MV2SR,0
0x46EB,MV2SR,0
0x46EC,MV2SR,0
0x46ED,MV2SR,0
0x46EE,MV2SR,0
0x46EF,MV2SR,0
0x46F0,MV2SR,0
0x46F1,MV2SR,0
0x46F2,MV2SR,0
0x46F3,MV2SR,0
0x46F4,MV2SR,0
0x46F5,MV2SR,0
0x46F6,MV2SR,0
0x46F7,MV2SR,0
0x46F8,MV2SR,0
0x46F9,MV2SR,0
0x46FA,MV2SR,0
0x46FB,MV2SR,0
0x46FC,MV2SR,0
0x4800,NBCD,0
0x4801,NBCD,0
0x4802,NBCD,0
0x4803,NBCD,0
0x4804,NBCD,0
0x4805,NBCD,0
0x4806,NBCD,0
0x4807,NBCD,0
0x4810,NBCD,0
0x4811,NBCD,0
0x4812,NBCD,0
0x4813,NBCD,0
0x4814,NBCD,0
0x4815,NBCD,0
0x4816,NBCD,0
0x4817,NBCD,0
0x4818,NBCD,0
0x4819,NBCD,0
0x481A,NBCD,0
0x481B,NBCD,0
0x481C,NBCD,0
0x481D,NBCD,0
0x481E,NBCD,0
0x481F,NBCD,0
0x4820,NBCD,0
0x4821,NBCD,0
0x4822,NBCD,0
0x4823,NBCD,0
0x4824,NBCD,0
0x4825,NBCD,0
0x4826,NBCD,0
0x4827,NBCD,0
0x4828,NBCD,0
0x4829,NBCD,0
0x482A,NBCD,0
0x482B,NBCD,0
0x482C,NBCD,0
0x482D,NBCD,0
0x482E,NBCD,0
0x482F,NBCD,0
0x4830,NBCD,0
0x4831,NBCD,0
0x4832,NBCD,0
0x4833,NBCD,0
0x4834,NBCD,0
0x4835,NBCD,0
0x4836,NBCD,0
0x4837,NBCD,0
0x4838,NBCD,0
0x4839,NBCD,0
0x4848,BKPT,1
0x4849,BKPT,1
0x484A,BKPT,1
0x484B,BKPT,1
0x484C,BKPT,1
0x484D,BKPT,1
0x484E,BKPT,1
0x484F,BKPT,1
0x4E40,TRAP,0
0x4E41,TRAP,0
0x4E42,TRAP,0
0x4E43,TRAP,0
0x4E44,TRAP,0
0x4E45,TRAP,0
0x4E46,TRAP,0
0x4E47,TRAP,0
0x4E48,TRAP,0
0x4E49,TRAP,0
0x4E4A,TRAP,0
0x4E4B,TRAP,0
0x4E4C,TRAP,0
0x4E4D,TRAP,0
0x4E4E,TRAP,0
0x4E4F,TRAP,0
0x4E60,MVR2USP,0
0x4E61,MVR2USP,0
0x4E62,MVR2USP,0
0x4E63,MVR2USP,0
0x4E64,MVR2USP,0
0x4E65,MVR2USP,0
0x4E66,MVR2USP,0
0x4E67,MVR2USP,0
0x4E68,MVUSP2R,0
0x4E69,MVUSP2R,0
0x4E6A,MVUSP2R,0
0x4E6B,MVUSP2R,0
0x4E6C,MVUSP2R,0
0x4E6D,MVUSP2R,0
0x4E6E,MVUSP2R,0
0x4E6F,MVUSP2R,0
0x4E70,RESET,0
0x4E72,STOP,0
0x4E73,RTE,0
0x4E76,TRAPV,0
0x4E77,RTR,0
0x4E7A,MOVEC2,1
0x4E7B,MOVE2C,1
0x50FA,TRAPcc,2
0x50FB,TRAPcc,2
0x50FC,TRAPcc,2
0x51FA,TRAPcc,2
0x51FB,TRAPcc,2
0x51FC,TRAPcc,2
0x52FA,TRAPcc,2
0x52FB,TRAPcc,2
0x52FC,TRAPcc,2
0x53FA,TRAPcc,2
0x53FB,TRAPcc,2
0x53FC,TRAPcc,2
0x54FA,TRAPcc,2
0x54FB,TRAPcc,2
0x54FC,TRAPcc,2
0x55FA,TRAPcc,2
0x55FB,TRAPcc,2
0x55FC,TRAPcc,2
0x56FA,TRAPcc,2
0x56FB,TRAPcc,2
0x56FC,TRAPcc,2
0x57FA,TRAPcc,2
0x57FB,TRAPcc,2
0x57FC,TRAPcc,2
0x58FA,TRAPcc,2
0x58FB,TRAPcc,2
0x58FC,TRAPcc,2
0x59FA,TRAPcc,2
0x59FB,TRAPcc,2
0x59FC,TRAPcc,2
0x5AFA,TRAPcc,2
0x5AFB,TRAPcc,2
0x5AFC,TRAPcc,2
0x5BFA,TRAPcc,2
0x5BFB,TRAPcc,2
0x5BFC,TRAPcc,2
0x5CFA,TRAPcc,2
0x5CFB,TRAPcc,2
0x5CFC,TRAPcc,2
0x5DFA,TRAPcc,2
0x5DFB,TRAPcc,2
0x5DFC,TRAPcc,2
0x5EFA,TRAPcc,2
0x5EFB,TRAPcc,2
0x5EFC,TRAPcc,2
0x5FFA,TRAPcc,2
0x5FFB,TRAPcc,2
0x5FFC,TRAPcc,2
0x8100,SBCD,0
0x8101,SBCD,0
0x8102,SBCD,0
0x8103,SBCD,0
0x8104,SBCD,0
0x8105,SBCD,0
0x8106,SBCD,0
0x8107,SBCD,0
0x8108,SBCD,0
0x8109,SBCD,0
0x810A,SBCD,0
0x810B,SBCD,0
0x810C,SBCD,0
0x810D,SBCD,0
0x810E,SBCD,0
0x810F,SBCD,0
0x8140,PACK,2
0x8141,PACK,2
0x8142,PACK,2
0x8143,PACK,2
0x8144,PACK,2
0x8145,PACK,2
0x8146,PACK,2
0x8147,PACK,2
0x8148,PACK,2
0x8149,PACK,2
0x814A,PACK,2
0x814B,PACK,2
0x814C,PACK,2
0x814D,PACK,2
0x814E,PACK,2
0x814F,PACK,2
0x8180,UNPK,2
0x8181,UNPK,2
0x8182,UNPK,2
0x8183,UNPK,2
0x8184,UNPK,2
0x8185,UNPK,2
0x8186,UNPK,2
0x8187,UNPK,2
0x8188,UNPK,2
0x8189,UNPK,2
0x818A,UNPK,2
0x818B,UNPK,2
0x818C,UNPK,2
0x818D,UNPK,2
0x818E,UNPK,2
0x818F,UNPK,2
0x8300,SBCD,0
0x8301,SBCD,0
0x8302,SBCD,0
0x8303,SBCD,0
0x8304,SBCD,0
0x8305,SBCD,0
0x8306,SBCD,0
0x8307,SBCD,0
0x8308,SBCD,0
0x8309,SBCD,0
0x830A,SBCD,0
0x830B,SBCD,0
0x830C,SBCD,0
0x830D,SBCD,0
0x830E,SBCD,0
0x830F,SBCD,0
0x8340,PACK,2
0x8341,PACK,2
0x8342,PACK,2
0x8343,PACK,2
0x8344,PACK,2
0x8345,PACK,2
0x8346,PACK,2
0x8347,PACK,2
0x8348,PACK,2
0x8349,PACK,2
0x834A,PACK,2
0x834B,PACK,2
0x834C,PACK,2
0x834D,PACK,2
0x834E,PACK,2
0x834F,PACK,2
0x8380,UNPK,2
0x8381,UNPK,2
0x8382,UNPK,2
0x8383,UNPK,2
0x8384,UNPK,2
0x8385,UNPK,2
0x8386,UNPK,2
0x8387,UNPK,2
0x8388,UNPK,2
0x8389,UNPK,2
0x838A,UNPK,2
0x838B,UNPK,2
0x838C,UNPK,2
0x838D,UNPK,2
0x838E,UNPK,2
0x838F,UNPK,2
0x8500,SBCD,0
0x8501,SBCD,0
0x8502,SBCD,0
0x8503,SBCD,0
0x8504,SBCD,0
0x8505,SBCD,0
0x8506,SBCD,0
0x8507,SBCD,0
0x8508,SBCD,0
0x8509,SBCD,0
0x850A,SBCD,0
0x850B,SBCD,0
0x850C,SBCD,0
0x850D,SBCD,0
0x850E,SBCD,0
0x850F,SBCD,0
0x8540,PACK,2
0x8541,PACK,2
0x8542,PACK,2
0x8543,PACK,2
0x8544,PACK,2
0x8545,PACK,2
0x8546,PACK,2
0x8547,PACK,2
0x8548,PACK,2
0x8549,PACK,2
0x854A,PACK,2
0x854B,PACK,2
0x854C,PACK,2
0x854D,PACK,2
0x854E,PACK,2
0x854F,PACK,2
0x8580,UNPK,2
0x8581,UNPK,2
0x8582,UNPK,2
0x8583,UNPK,2
0x8584,UNPK,2
0x8585,UNPK,2
0x8586,UNPK,2
0x8587,UNPK,2
0x8588,UNPK,2
0x8589,UNPK,2
0x858A,UNPK,2
0x858B,UNPK,2
0x858C,UNPK,2
0x858D,UNPK,2
0x858E,UNPK,2
0x858F,UNPK,2
0x8700,SBCD,0
0x8701,SBCD,0
0x8702,SBCD,0
0x8703,SBCD,0
0x8704,SBCD,0
0x8705,SBCD,0
0x8706,SBCD,0
0x8707,SBCD,0
0x8708,SBCD,0
0x8709,SBCD,0
0x870A,SBCD,0
0x870B,SBCD,0
0x870C,SBCD,0
0x870D,SBCD,0
0x870E,SBCD,0
0x870F,SBCD,0
0x8740,PACK,2
0x8741,PACK,2
0x8742,PACK,2
0x8743,PACK,2
0x8744,PACK,2
0x8745,PACK,2
0x8746,PACK,2
0x8747,PACK,2
0x8748,PACK,2
0x8749,PACK,2
0x874A,PACK,2
0x874B,PACK,2
0x874C,PACK,2
0x874D,PACK,2
0x874E,PACK,2
0x874F,PACK,2
0x8780,UNPK,2
0x8781,UNPK,2
0x8782,UNPK,2
0x8783,UNPK,2
0x8784,UNPK,2
0x8785,UNPK,2
0x8786,UNPK,2
0x8787,UNPK,2
0x8788,UNPK,2
0x8789,UNPK,2
0x878A,UNPK,2
0x878B,UNPK,2
0x878C,UNPK,2
0x878D,UNPK,2
0x878E,UNPK,2
0x878F,UNPK,2
0x8900,SBCD,0
0x8901,SBCD,0
0x8902,SBCD,0
0x8903,SBCD,0
0x8904,SBCD,0
0x8905,SBCD,0
0x8906,SBCD,0
0x8907,SBCD,0
0x8908,SBCD,0
0x8909,SBCD,0
0x890A,SBCD,0
0x890B,SBCD,0
0x890C,SBCD,0
0x890D,SBCD,0
0x890E,SBCD,0
0x890F,SBCD,0
0x8940,PACK,2
0x8941,PACK,2
0x8942,PACK,2
0x8943,PACK,2
0x8944,PACK,2
0x8945,PACK,2
0x8946,PACK,2
0x8947,PACK,2
0x8948,PACK,2
0x8949,PACK,2
0x894A,PACK,2
0x894B,PACK,2
0x894C,PACK,2
0x894D,PACK,2
0x894E,PACK,2
0x894F,PACK,2
0x8980,UNPK,2
0x8981,UNPK,2
0x8982,UNPK,2
0x8983,UNPK,2
0x8984,UNPK,2
0x8985,UNPK,2
0x8986,UNPK,2
0x8987,UNPK,2
0x8988,UNPK,2
0x8989,UNPK,2
0x898A,UNPK,2
0x898B,UNPK,2
0x898C,UNPK,2
0x898D,UNPK,2
0x898E,UNPK,2
0x898F,UNPK,2
0x8B00,SBCD,0
0x8B01,SBCD,0
0x8B02,SBCD,0
0x8B03,SBCD,0
0x8B04,SBCD,0
0x8B05,SBCD,0
0x8B06,SBCD,0
0x8B07,SBCD,0
0x8B08,SBCD,0
0x8B09,SBCD,0
0x8B0A,SBCD,0
0x8B0B,SBCD,0
0x8B0C,SBCD,0
0x8B0D,SBCD,0
0x8B0E,SBCD,0
0x8B0F,SBCD,0
0x8B40,PACK,2
0x8B41,PACK,2
0x8B42,PACK,2
0x8B43,PACK,2
0x8B44,PACK,2
0x8B45,PACK,2
0x8B46,PACK,2
0x8B47,PACK,2
0x8B48,PACK,2
0x8B49,PACK,2
0x8B4A,PACK,2
0x8B4B,PACK,2
0x8B4C,PACK,2
0x8B4D,PACK,2
0x8B4E,PACK,2
0x8B4F,PACK,2
0x8B80,UNPK,2
0x8B81,UNPK,2
0x8B82,UNPK,2
0x8B83,UNPK,2
0x8B84,UNPK,2
0x8B85,UNPK,2
0x8B86,UNPK,2
0x8B87,UNPK,2
0x8B88,UNPK,2
0x8B89,UNPK,2
0x8B8A,UNPK,2
0x8B8B,UNPK,2
0x8B8C,UNPK,2
0x8B8D,UNPK,2
0x8B8E,UNPK,2
0x8B8F,UNPK,2
0x8D00,SBCD,0
0x8D01,SBCD,0
0x8D02,SBCD,0
0x8D03,SBCD,0
0x8D04,SBCD,0
0x8D05,SBCD,0
0x8D06,SBCD,0
0x8D07,SBCD,0
0x8D08,SBCD,0
0x8D09,SBCD,0
0x8D0A,SBCD,0
0x8D0B,SBCD,0
0x8D0C,SBCD,0
0x8D0D,SBCD,0
0x8D0E,SBCD,0
0x8D0F,SBCD,0
0x8D40,PACK,2
0x8D41,PACK,2
0x8D42,PACK,2
0x8D43,PACK,2
0x8D44,PACK,2
0x8D45,PACK,2
0x8D46,PACK,2
0x8D47,PACK,2
0x8D48,PACK,2
0x8D49,PACK,2
0x8D4A,PACK,2
0x8D4B,PACK,2
0x8D4C,PACK,2
0x8D4D,PACK,2
0x8D4E,PACK,2
0x8D4F,PACK,2
0x8D80,UNPK,2
0x8D81,UNPK,2
0x8D82,UNPK,2
0x8D83,UNPK,2
0x8D84,UNPK,2
0x8D85,UNPK,2
0x8D86,UNPK,2
0x8D87,UNPK,2
0x8D88,UNPK,2
0x8D89,UNPK,2
0x8D8A,UNPK,2
0x8D8B,UNPK,2
0x8D8C,UNPK,2
0x8D8D,UNPK,2
0x8D8E,UNPK,2
0x8D8F,UNPK,2
0x8F00,SBCD,0
0x8F01,SBCD,0
0x8F02,SBCD,0
0x8F03,SBCD,0
0x8F04,SBCD,0
0x8F05,SBCD,0
0x8F06,SBCD,0
0x8F07,SBCD,0
0x8F08,SBCD,0
0x8F09,SBCD,0
0x8F0A,SBCD,0
0x8F0B,SBCD,0
0x8F0C,SBCD,0
0x8F0D,SBCD,0
0x8F0E,SBCD,0
0x8F0F,SBCD,0
0x8F40,PACK,2
0x8F41,PACK,2
0x8F42,PACK,2
0x8F43,PACK,2
0x8F44,PACK,2
0x8F45,PACK,2
0x8F46,PACK,2
0x8F47,PACK,2
0x8F48,PACK,2
0x8F49,PACK,2
0x8F4A,PACK,2
0x8F4B,PACK,2
0x8F4C,PACK,2
0x8F4D,PACK,2
0x8F4E,PACK,2
0x8F4F,PACK,2
0x8F80,UNPK,2
0x8F81,UNPK,2
0x8F82,UNPK,2
0x8F83,UNPK,2
0x8F84,UNPK,2
0x8F85,UNPK,2
0x8F86,UNPK,2
0x8F87,UNPK,2
0x8F88,UNPK,2
0x8F89,UNPK,2
0x8F8A,UNPK,2
0x8F8B,UNPK,2
0x8F8C,UNPK,2
0x8F8D,UNPK,2
0x8F8E,UNPK,2
0x8F8F,UNPK,2
0xC100,ABCD,0
0xC101,ABCD,0
0xC102,ABCD,0
0xC103,ABCD,0
0xC104,ABCD,0
0xC105,ABCD,0
0xC106,ABCD,0
0xC107,ABCD,0
0xC108,ABCD,0
0xC109,ABCD,0
0xC10A,ABCD,0
0xC10B,ABCD,0
0xC10C,ABCD,0
0xC10D,ABCD,0
0xC10E,ABCD,0
0xC10F,ABCD,0
0xC300,ABCD,0
0xC301,ABCD,0
0xC302,ABCD,0
0xC303,ABCD,0
0xC304,ABCD,0
0xC305,ABCD,0
0xC306,ABCD,0
0xC307,ABCD,0
0xC308,ABCD,0
0xC309,ABCD,0
0xC30A,ABCD,0
0xC30B,ABCD,0
0xC30C,ABCD,0
0xC30D,ABCD,0
0xC30E,ABCD,0
0xC30F,ABCD,0
0xC500,ABCD,0
0xC501,ABCD,0
0xC502,ABCD,0
0xC503,ABCD,0
0xC504,ABCD,0
0xC505,ABCD,0
0xC506,ABCD,0
0xC507,ABCD,0
0xC508,ABCD,0
0xC509,ABCD,0
0xC50A,ABCD,0
0xC50B,ABCD,0
0xC50C,ABCD,0
0xC50D,ABCD,0
0xC50E,ABCD,0
0xC50F,ABCD,0
0xC700,ABCD,0
0xC701,ABCD,0
0xC702,ABCD,0
0xC703,ABCD,0
0xC704,ABCD,0
0xC705,ABCD,0
0xC706,ABCD,0
0xC707,ABCD,0
0xC708,ABCD,0
0xC709,ABCD,0
0xC70A,ABCD,0
0xC70B,ABCD,0
0xC70C,ABCD,0
0xC70D,ABCD,0
0xC70E,ABCD,0
0xC70F,ABCD,0
0xC900,ABCD,0
0xC901,ABCD,0
0xC902,ABCD,0
0xC903,ABCD,0
0xC904,ABCD,0
0xC905,ABCD,0
0xC906,ABCD,0
0xC907,ABCD,0
0xC908,ABCD,0
0xC909,ABCD,0
0xC90A,ABCD,0
0xC90B,ABCD,0
0xC90C,ABCD,0
0xC90D,ABCD,0
0xC90E,ABCD,0
0xC90F,ABCD,0
0xCB00,ABCD,0
0xCB01,ABCD,0
0xCB02,ABCD,0
0xCB03,ABCD,0
0xCB04,ABCD,0
0xCB05,ABCD,0
0xCB06,ABCD,0
0xCB07,ABCD,0
0xCB08,ABCD,0
0xCB09,ABCD,0
0xCB0A,ABCD,0
0xCB0B,ABCD,0
0xCB0C,ABCD,0
0xCB0D,ABCD,0
0xCB0E,ABCD,0
0xCB0F,ABCD,0
0xCD00,ABCD,0
0xCD01,ABCD,0
0xCD02,ABCD,0
0xCD03,ABCD,0
0xCD04,ABCD,0
0xCD05,ABCD,0
0xCD06,ABCD,0
0xCD07,ABCD,0
0xCD08,ABCD,0
0xCD09,ABCD,0
0xCD0A,ABCD,0
0xCD0B,ABCD,0
0xCD0C,ABCD,0
0xCD0D,ABCD,0
0xCD0E,ABCD,0
0xCD0F,ABCD,0
0xCF00,ABCD,0
0xCF01,ABCD,0
0xCF02,ABCD,0
0xCF03,ABCD,0
0xCF04,ABCD,0
0xCF05,ABCD,0
0xCF06,ABCD,0
0xCF07,ABCD,0
0xCF08,ABCD,0
0xCF09,ABCD,0
0xCF0A,ABCD,0
0xCF0B,ABCD,0
0xCF0C,ABCD,0
0xCF0D,ABCD,0
0xCF0E,ABCD,0
0xCF0F,ABCD,0
0xE4D0,ROXRW,0
0xE4D1,ROXRW,0
0xE4D2,ROXRW,0
0xE4D3,ROXRW,0
0xE4D4,ROXRW,0
0xE4D5,ROXRW,0
0xE4D6,ROXRW,0
0xE4D7,ROXRW,0
0xE4D8,ROXRW,0
0xE4D9,ROXRW,0
0xE4DA,ROXRW,0
0xE4DB,ROXRW,0
0xE4DC,ROXRW,0
0xE4DD,ROXRW,0
0xE4DE,ROXRW,0
0xE4DF,ROXRW,0
0xE4E0,ROXRW,0
0xE4E1,ROXRW,0
0xE4E2,ROXRW,0
0xE4E3,ROXRW,0
0xE4E4,ROXRW,0
0xE4E5,ROXRW,0
0xE4E6,ROXRW,0
0xE4E7,ROXRW,0
0xE4E8,ROXRW,0
0xE4E9,ROXRW,0
0xE4EA,ROXRW,0
0xE4EB,ROXRW,0
0xE4EC,ROXRW,0
0xE4ED,ROXRW,0
0xE4EE,ROXRW,0
0xE4EF,ROXRW,0
0xE4F0,ROXRW,0
0xE4F1,ROXRW,0
0xE4F2,ROXRW,0
0xE4F3,ROXRW,0
0xE4F4,ROXRW,0
0xE4F5,ROXRW,0
0xE4F6,ROXRW,0
0xE4F7,ROXRW,0
0xE4F8,ROXRW,0
0xE4F9,ROXRW,0
0xE5D0,ROXLW,0
0xE5D1,ROXLW,0
0xE5D2,ROXLW,0
0xE5D3,ROXLW,0
0xE5D4,ROXLW,0
0xE5D5,ROXLW,0
0xE5D6,ROXLW,0
0xE5D7,ROXLW,0
0xE5D8,ROXLW,0
0xE5D9,ROXLW,0
0xE5DA,ROXLW,0
0xE5DB,ROXLW,0
0xE5DC,ROXLW,0
0xE5DD,ROXLW,0
0xE5DE,ROXLW,0
0xE5DF,ROXLW,0
0xE5E0,ROXLW,0
0xE5E1,ROXLW,0
0xE5E2,ROXLW,0
0xE5E3,ROXLW,0
0xE5E4,ROXLW,0
0xE5E5,ROXLW,0
0xE5E6,ROXLW,0
0xE5E7,ROXLW,0
0xE5E8,ROXLW,0
0xE5E9,ROXLW,0
0xE5EA,ROXLW,0
0xE5EB,ROXLW,0
0xE5EC,ROXLW,0
0xE5ED,ROXLW,0
0xE5EE,ROXLW,0
0xE5EF,ROXLW,0
0xE5F0,ROXLW,0
0xE5F1,ROXLW,0
0xE5F2,ROXLW,0
0xE5F3,ROXLW,0
0xE5F4,ROXLW,0
0xE5F5,ROXLW,0
0xE5F6,ROXLW,0
0xE5F7,ROXLW,0
0xE5F8,ROXLW,0
0xE5F9,ROXLW,0
0xE8C0,BFTST,2
0xE8C1,BFTST,2
0xE8C2,BFTST,2
0xE8C3,BFTST,2
0xE8C4,BFTST,2
0xE8C5,BFTST,2
0xE8C6,BFTST,2
0xE8C7,BFTST,2
0xE8D0,BFTST,2
0xE8D1,BFTST,2
0xE8D2,BFTST,2
0xE8D3,BFTST,2
0xE8D4,BFTST,2
0xE8D5,BFTST,2
0xE8D6,BFTST,2
0xE8D7,BFTST,2
0xE8E8,BFTST,2
0xE8E9,BFTST,2
0xE8EA,BFTST,2
0xE8EB,BFTST,2
0xE8EC,BFTST,2
0xE8ED,BFTST,2
0xE8EE,BFTST,2
0xE8EF,BFTST,2
0xE8F0,BFTST,2
0xE8F1,BFTST,2
0xE8F2,BFTST,2
0xE8F3,BFTST,2
0xE8F4,BFTST,2
0xE8F5,BFTST,2
0xE8F6,BFTST,2
0xE8F7,BFTST,2
0xE8F8,BFTST,2
0xE8F9,BFTST,2
0xE8FA,BFTST,2
0xE8FB,BFTST,2
0xE9D0,BFEXTU,2
0xE9D1,BFEXTU,2
0xE9D2,BFEXTU,2
0xE9D3,BFEXTU,2
0xE9D4,BFEXTU,2
0xE9D5,BFEXTU,2
0xE9D6,BFEXTU,2
0xE9D7,BFEXTU,2
0xE9E8,BFEXTU,2
0xE9E9,BFEXTU,2
0xE9EA,BFEXTU,2
0xE9EB,BFEXTU,2
0xE9EC,BFEXTU,2
0xE9ED,BFEXTU,2
0xE9EE,BFEXTU,2
0xE9EF,BFEXTU,2
0xE9F0,BFEXTU,2
0xE9F1,BFEXTU,2
0xE9F2,BFEXTU,2
0xE9F3,BFEXTU,2
0xE9F4,BFEXTU,2
0xE9F5,BFEXTU,2
0xE9F6,BFEXTU,2
0xE9F7,BFEXTU,2
0xE9F8,BFEXTU,2
0xE9F9,BFEXTU,2
0xE9FA,BFEXTU,2
0xE9FB,BFEXTU,2
0xEAC0,BFCHG,2
0xEAC1,BFCHG,2
0xEAC2,BFCHG,2
0xEAC3,BFCHG,2
0xEAC4,BFCHG,2
0xEAC5,BFCHG,2
0xEAC6,BFCHG,2
0xEAC7,BFCHG,2
0xEAD0,BFCHG,2
0xEAD1,BFCHG,2
0xEAD2,BFCHG,2
0xEAD3,BFCHG,2
0xEAD4,BFCHG,2
0xEAD5,BFCHG,2
0xEAD6,BFCHG,2
0xEAD7,BFCHG,2
0xEAE8,BFCHG,2
0xEAE9,BFCHG,2
0xEAEA,BFCHG,2
0xEAEB,BFCHG,2
0xEAEC,BFCHG,2
0xEAED,BFCHG,2
0xEAEE,BFCHG,2
0xEAEF,BFCHG,2
0xEAF0,BFCHG,2
0xEAF1,BFCHG,2
0xEAF2,BFCHG,2
0xEAF3,BFCHG,2
0xEAF4,BFCHG,2
0xEAF5,BFCHG,2
0xEAF6,BFCHG,2
0xEAF7,BFCHG,2
0xEAF8,BFCHG,2
0xEAF9,BFCHG,2
0xEBC0,BFEXTS,2
0xEBC1,BFEXTS,2
0xEBC2,BFEXTS,2
0xEBC3,BFEXTS,2
0xEBC4,BFEXTS,2
0xEBC5,BFEXTS,2
0xEBC6,BFEXTS,2
0xEBC7,BFEXTS,2
0xEBD0,BFEXTS,2
0xEBD1,BFEXTS,2
0xEBD2,BFEXTS,2
0xEBD3,BFEXTS,2
0xEBD4,BFEXTS,2
0xEBD5,BFEXTS,2
0xEBD6,BFEXTS,2
0xEBD7,BFEXTS,2
0xEBE8,BFEXTS,2
0xEBE9,BFEXTS,2
0xEBEA,BFEXTS,2
0xEBEB,BFEXTS,2
0xEBEC,BFEXTS,2
0xEBED,BFEXTS,2
0xEBEE,BFEXTS,2
0xEBEF,BFEXTS,2
0xEBF0,BFEXTS,2
0xEBF1,BFEXTS,2
0xEBF2,BFEXTS,2
0xEBF3,BFEXTS,2
0xEBF4,BFEXTS,2
0xEBF5,BFEXTS,2
0xEBF6,BFEXTS,2
0xEBF7,BFEXTS,2
0xEBF8,BFEXTS,2
0xEBF9,BFEXTS,2
0xEBFA,BFEXTS,2
0xEBFB,BFEXTS,2
0xECC0,BFCLR,2
0xECC1,BFCLR,2
0xECC2,BFCLR,2
0xECC3,BFCLR,2
0xECC4,BFCLR,2
0xECC5,BFCLR,2
0xECC6,BFCLR,2
0xECC7,BFCLR,2
0xECD0,BFCLR,2
0xECD1,BFCLR,2
0xECD2,BFCLR,2
0xECD3,BFCLR,2
0xECD4,BFCLR,2
0xECD5,BFCLR,2
0xECD6,BFCLR,2
0xECD7,BFCLR,2
0xECE8,BFCLR,2
0xECE9,BFCLR,2
0xECEA,BFCLR,2
0xECEB,BFCLR,2
0xECEC,BFCLR,2
0xECED,BFCLR,2
0xECEE,BFCLR,2
0xECEF,BFCLR,2
0xECF0,BFCLR,2
0xECF1,BFCLR,2
0xECF2,BFCLR,2
0xECF3,BFCLR,2
0xECF4,BFCLR,2
0xECF5,BFCLR,2
0xECF6,BFCLR,2
0xECF7,BFCLR,2
0xECF8,BFCLR,2
0xECF9,BFCLR,2
0xEDC0,BFFFO,2
0xEDC1,BFFFO,2
0xEDC2,BFFFO,2
0xEDC3,BFFFO,2
0xEDC4,BFFFO,2
0xEDC5,BFFFO,2
0xEDC6,BFFFO,2
0xEDC7,BFFFO,2
0xEDD0,BFFFO,2
0xEDD1,BFFFO,2
0xEDD2,BFFFO,2
0xEDD3,BFFFO,2
0xEDD4,BFFFO,2
0xEDD5,BFFFO,2
0xEDD6,BFFFO,2
0xEDD7,BFFFO,2
0xEDE8,BFFFO,2
0xEDE9,BFFFO,2
0xEDEA,BFFFO,2
0xEDEB,BFFFO,2
0xEDEC,BFFFO,2
0xEDED,BFFFO,2
0xEDEE,BFFFO,2
0xEDEF,BFFFO,2
0xEDF0,BFFFO,2
0xEDF1,BFFFO,2
0xEDF2,BFFFO,2
0xEDF3,BFFFO,2
0xEDF4,BFFFO,2
0xEDF5,BFFFO,2
0xEDF6,BFFFO,2
0xEDF7,BFFFO,2
0xEDF8,BFFFO,2
0xEDF9,BFFFO,2
0xEDFA,BFFFO,2
0xEDFB,BFFFO,2
0xEEC0,BFSET,2
0xEEC1,BFSET,2
0xEEC2,BFSET,2
0xEEC3,BFSET,2
0xEEC4,BFSET,2
0xEEC5,BFSET,2
0xEEC6,BFSET,2
0xEEC7,BFSET,2
0xEED0,BFSET,2
0xEED1,BFSET,2
0xEED2,BFSET,2
0xEED3,BFSET,2
0xEED4,BFSET,2
0xEED5,BFSET,2
0xEED6,BFSET,2
0xEED7,BFSET,2
0xEEE8,BFSET,2
0xEEE9,BFSET,2
0xEEEA,BFSET,2
0xEEEB,BFSET,2
0xEEEC,BFSET,2
0xEEED,BFSET,2
0xEEEE,BFSET,2
0xEEEF,BFSET,2
0xEEF0,BFSET,2
0xEEF1,BFSET,2
0xEEF2,BFSET,2
0xEEF3,BFSET,2
0xEEF4,BFSET,2
0xEEF5,BFSET,2
0xEEF6,BFSET,2
0xEEF7,BFSET,2
0xEEF8,BFSET,2
0xEEF9,BFSET,2
0xF000,MMUOP030,3
0xF001,MMUOP030,3
0xF002,MMUOP030,3
0xF003,MMUOP030,3
0xF004,MMUOP030,3
0xF005,MMUOP030,3
0xF006,MMUOP030,3
0xF007,MMUOP030,3
0xF008,MMUOP030,3
0xF009,MMUOP030,3
0xF00A,MMUOP030,3
0xF00B,MMUOP030,3
0xF00C,MMUOP030,3
0xF00D,MMUOP030,3
0xF00E,MMUOP030,3
0xF00F,MMUOP030,3
0xF010,MMUOP030,3
0xF011,MMUOP030,3
0xF012,MMUOP030,3
0xF013,MMUOP030,3
0xF014,MMUOP030,3
0xF015,MMUOP030,3
0xF016,MMUOP030,3
0xF017,MMUOP030,3
0xF018,MMUOP030,3
0xF019,MMUOP030,3
0xF01A,MMUOP030,3
0xF01B,MMUOP030,3
0xF01C,MMUOP030,3
0xF01D,MMUOP030,3
0xF01E,MMUOP030,3
0xF01F,MMUOP030,3
0xF020,MMUOP030,3
0xF021,MMUOP030,3
0xF022,MMUOP030,3
0xF023,MMUOP030,3
0xF024,MMUOP030,3
0xF025,MMUOP030,3
0xF026,MMUOP030,3
0xF027,MMUOP030,3
0xF028,MMUOP030,3
0xF029,MMUOP030,3
0xF02A,MMUOP030,3
0xF02B,MMUOP030,3
0xF02C,MMUOP030,3
0xF02D,MMUOP030,3
0xF02E,MMUOP030,3
0xF02F,MMUOP030,3
0xF030,MMUOP030,3
0xF031,MMUOP030,3
0xF032,MMUOP030,3
0xF033,MMUOP030,3
0xF034,MMUOP030,3
0xF035,MMUOP030,3
0xF036,MMUOP030,3
0xF037,MMUOP030,3
0xF038,MMUOP030,3
0xF039,MMUOP030,3
0xF248,FDBcc,2
0xF249,FDBcc,2
0xF24A,FDBcc,2
0xF24B,FDBcc,2
0xF24C,FDBcc,2
0xF24D,FDBcc,2
0xF24E,FDBcc,2
0xF24F,FDBcc,2
0xF27A,FTRAPcc,2
0xF27B,FTRAPcc,2
0xF27C,FTRAPcc,2
0xF310,FSAVE,2
0xF311,FSAVE,2
0xF312,FSAVE,2
0xF313,FSAVE,2
0xF314,FSAVE,2
0xF315,FSAVE,2
0xF316,FSAVE,2
0xF317,FSAVE,2
0xF320,FSAVE,2
0xF321,FSAVE,2
0xF322,FSAVE,2
0xF323,FSAVE,2
0xF324,FSAVE,2
0xF325,FSAVE,2
0xF326,FSAVE,2
0xF327,FSAVE,2
0xF328,FSAVE,2
0xF329,FSAVE,2
0xF32A,FSAVE,2
0xF32B,FSAVE,2
0xF32C,FSAVE,2
0xF32D,FSAVE,2
0xF32E,FSAVE,2
0xF32F,FSAVE,2
0xF330,FSAVE,2
0xF331,FSAVE,2
0xF332,FSAVE,2
0xF333,FSAVE,2
0xF334,FSAVE,2
0xF335,FSAVE,2
0xF336,FSAVE,2
0xF337,FSAVE,2
0xF338,FSAVE,2
0xF339,FSAVE,2
0xF350,FRESTORE,2
0xF351,FRESTORE,2
0xF352,FRESTORE,2
0xF353,FRESTORE,2
0xF354,FRESTORE,2
0xF355,FRESTORE,2
0xF356,FRESTORE,2
0xF357,FRESTORE,2
0xF358,FRESTORE,2
0xF359,FRESTORE,2
0xF35A,FRESTORE,2
0xF35B,FRESTORE,2
0xF35C,FRESTORE,2
0xF35D,FRESTORE,2
0xF35E,FRESTORE,2
0xF35F,FRESTORE,2
0xF368,FRESTORE,2
0xF369,FRESTORE,2
0xF36A,FRESTORE,2
0xF36B,FRESTORE,2
0xF36C,FRESTORE,2
0xF36D,FRESTORE,2
0xF36E,FRESTORE,2
0xF36F,FRESTORE,2
0xF370,FRESTORE,2
0xF371,FRESTORE,2
0xF372,FRESTORE,2
0xF373,FRESTORE,2
0xF374,FRESTORE,2
0xF375,FRESTORE,2
0xF376,FRESTORE,2
0xF377,FRESTORE,2
0xF378,FRESTORE,2
0xF379,FRESTORE,2
0xF37A,FRESTORE,2
0xF37B,FRESTORE,2
0xF408,CINVL,4
0xF409,CINVL,4
0xF40A,CINVL,4
0xF40B,CINVL,4
0xF40C,CINVL,4
0xF40D,CINVL,4
0xF40E,CINVL,4
0xF40F,CINVL,4
0xF410,CINVP,4
0xF411,CINVP,4
0xF412,CINVP,4
0xF413,CINVP,4
0xF414,CINVP,4
0xF415,CINVP,4
0xF416,CINVP,4
0xF417,CINVP,4
0xF418,CINVA,4
0xF419,CINVA,4
0xF41A,CINVA,4
0xF41B,CINVA,4
0xF41C,CINVA,4
0xF41D,CINVA,4
0xF41E,CINVA,4
0xF41F,CINVA,4
0xF428,CPUSHL,4
0xF429,CPUSHL,4
0xF42A,CPUSHL,4
0xF42B,CPUSHL,4
0xF42C,CPUSHL,4
0xF42D,CPUSHL,4
0xF42E,CPUSHL,4
0xF42F,CPUSHL,4
0xF430,CPUSHP,4
0xF431,CPUSHP,4
0xF432,CPUSHP,4
0xF433,CPUSHP,4
0xF434,CPUSHP,4
0xF435,CPUSHP,4
0xF436,CPUSHP,4
0xF437,CPUSHP,4
0xF438,CPUSHA,4
0xF439,CPUSHA,4
0xF43A,CPUSHA,4
0xF43B,CPUSHA,4
0xF43C,CPUSHA,4
0xF43D,CPUSHA,4
0xF43E,CPUSHA,4
0xF43F,CPUSHA,4
0xF448,CINVL,4
0xF449,CINVL,4
0xF44A,CINVL,4
0xF44B,CINVL,4
0xF44C,CINVL,4
0xF44D,CINVL,4
0xF44E,CINVL,4
0xF44F,CINVL,4
0xF450,CINVP,4
0xF451,CINVP,4
0xF452,CINVP,4
0xF453,CINVP,4
0xF454,CINVP,4
0xF455,CINVP,4
0xF456,CINVP,4
0xF457,CINVP,4
0xF458,CINVA,4
0xF459,CINVA,4
0xF45A,CINVA,4
0xF45B,CINVA,4
0xF45C,CINVA,4
0xF45D,CINVA,4
0xF45E,CINVA,4
0xF45F,CINVA,4
0xF468,CPUSHL,4
0xF469,CPUSHL,4
0xF46A,CPUSHL,4
0xF46B,CPUSHL,4
0xF46C,CPUSHL,4
0xF46D,CPUSHL,4
0xF46E,CPUSHL,4
0xF46F,CPUSHL,4
0xF470,CPUSHP,4
0xF471,CPUSHP,4
0xF472,CPUSHP,4
0xF473,CPUSHP,4
0xF474,CPUSHP,4
0xF475,CPUSHP,4
0xF476,CPUSHP,4
0xF477,CPUSHP,4
0xF478,CPUSHA,4
0xF479,CPUSHA,4
0xF47A,CPUSHA,4
0xF47B,CPUSHA,4
0xF47C,CPUSHA,4
0xF47D,CPUSHA,4
0xF47E,CPUSHA,4
0xF47F,CPUSHA,4
0xF488,CINVL,4
0xF489,CINVL,4
0xF48A,CINVL,4
0xF48B,CINVL,4
0xF48C,CINVL,4
0xF48D,CINVL,4
0xF48E,CINVL,4
0xF48F,CINVL,4
0xF490,CINVP,4
0xF491,CINVP,4
0xF492,CINVP,4
0xF493,CINVP,4
0xF494,CINVP,4
0xF495,CINVP,4
0xF496,CINVP,4
0xF497,CINVP,4
0xF498,CINVA,4
0xF499,CINVA,4
0xF49A,CINVA,4
0xF49B,CINVA,4
0xF49C,CINVA,4
0xF49D,CINVA,4
0xF49E,CINVA,4
0xF49F,CINVA,4
0xF4A8,CPUSHL,4
0xF4A9,CPUSHL,4
0xF4AA,CPUSHL,4
0xF4AB,CPUSHL,4
0xF4AC,CPUSHL,4
0xF4AD,CPUSHL,4
0xF4AE,CPUSHL,4
0xF4AF,CPUSHL,4
0xF4B0,CPUSHP,4
0xF4B1,CPUSHP,4
0xF4B2,CPUSHP,4
0xF4B3,CPUSHP,4
0xF4B4,CPUSHP,4
0xF4B5,CPUSHP,4
0xF4B6,CPUSHP,4
0xF4B7,CPUSHP,4
0xF4B8,CPUSHA,4
0xF4B9,CPUSHA,4
0xF4BA,CPUSHA,4
0xF4BB,CPUSHA,4
0xF4BC,CPUSHA,4
0xF4BD,CPUSHA,4
0xF4BE,CPUSHA,4
0xF4BF,CPUSHA,4
0xF4C8,CINVL,4
0xF4C9,CINVL,4
0xF4CA,CINVL,4
0xF4CB,CINVL,4
0xF4CC,CINVL,4
0xF4CD,CINVL,4
0xF4CE,CINVL,4
0xF4CF,CINVL,4
0xF4D0,CINVP,4
0xF4D1,CINVP,4
0xF4D2,CINVP,4
0xF4D3,CINVP,4
0xF4D4,CINVP,4
0xF4D5,CINVP,4
0xF4D6,CINVP,4
0xF4D7,CINVP,4
0xF4D8,CINVA,4
0xF4D9,CINVA,4
0xF4DA,CINVA,4
0xF4DB,CINVA,4
0xF4DC,CINVA,4
0xF4DD,CINVA,4
0xF4DE,CINVA,4
0xF4DF,CINVA,4
0xF4E8,CPUSHL,4
0xF4E9,CPUSHL,4
0xF4EA,CPUSHL,4
0xF4EB,CPUSHL,4
0xF4EC,CPUSHL,4
0xF4ED,CPUSHL,4
0xF4EE,CPUSHL,4
0xF4EF,CPUSHL,4
0xF4F0,CPUSHP,4
0xF4F1,CPUSHP,4
0xF4F2,CPUSHP,4
0xF4F3,CPUSHP,4
0xF4F4,CPUSHP,4
0xF4F5,CPUSHP,4
0xF4F6,CPUSHP,4
0xF4F7,CPUSHP,4
0xF4F8,CPUSHA,4
0xF4F9,CPUSHA,4
0xF4FA,CPUSHA,4
0xF4FB,CPUSHA,4
0xF4FC,CPUSHA,4
0xF4FD,CPUSHA,4
0xF4FE,CPUSHA,4
0xF4FF,CPUSHA,4
0xF500,PFLUSHN,4
0xF501,PFLUSHN,4
0xF502,PFLUSHN,4
0xF503,PFLUSHN,4
0xF504,PFLUSHN,4
0xF505,PFLUSHN,4
0xF506,PFLUSHN,4
0xF507,PFLUSHN,4
0xF508,PFLUSH,4
0xF509,PFLUSH,4
0xF50A,PFLUSH,4
0xF50B,PFLUSH,4
0xF50C,PFLUSH,4
0xF50D,PFLUSH,4
0xF50E,PFLUSH,4
0xF50F,PFLUSH,4
0xF510,PFLUSHAN,4
0xF511,PFLUSHAN,4
0xF512,PFLUSHAN,4
0xF513,PFLUSHAN,4
0xF514,PFLUSHAN,4
0xF515,PFLUSHAN,4
0xF516,PFLUSHAN,4
0xF517,PFLUSHAN,4
0xF518,PFLUSHA,4
0xF519,PFLUSHA,4
0xF51A,PFLUSHA,4
0xF51B,PFLUSHA,4
0xF51C,PFLUSHA,4
0xF51D,PFLUSHA,4
0xF51E,PFLUSHA,4
0xF51F,PFLUSHA,4
0xF548,PTESTW,4
0xF549,PTESTW,4
0xF54A,PTESTW,4
0xF54B,PTESTW,4
0xF54C,PTESTW,4
0xF54D,PTESTW,4
0xF54E,PTESTW,4
0xF54F,PTESTW,4
0xF568,PTESTR,4
0xF569,PTESTR,4
0xF56A,PTESTR,4
0xF56B,PTESTR,4
0xF56C,PTESTR,4
0xF56D,PTESTR,4
0xF56E,PTESTR,4
0xF56F,PTESTR,4
